<?xml version="1.0" encoding="UTF-8"?>
<GenRun Id="synth_1" LaunchPart="xc7a100tcsg324-1" LaunchTime="1706185953">
  <File Type="VDS-TIMING-PB" Name="dsp_2_timing_summary_synth.pb"/>
  <File Type="VDS-TIMINGSUMMARY" Name="dsp_2_timing_summary_synth.rpt"/>
  <File Type="RDS-DCP" Name="dsp_2.dcp"/>
  <File Type="RDS-UTIL-PB" Name="dsp_2_utilization_synth.pb"/>
  <File Type="RDS-UTIL" Name="dsp_2_utilization_synth.rpt"/>
  <File Type="RDS-PROPCONSTRS" Name="dsp_2_drc_synth.rpt"/>
  <File Type="RDS-RDS" Name="dsp_2.vds"/>
  <File Type="REPORTS-TCL" Name="dsp_2_reports.tcl"/>
  <File Type="PA-TCL" Name="dsp_2.tcl"/>
  <FileSet Name="sources" Type="DesignSrcs" RelSrcDir="$PSRCDIR/sources_1">
    <Filter Type="Srcs"/>
    <File Path="$PPRDIR/../../src/dsp_2.vhd">
      <FileInfo>
        <Attr Name="UsedIn" Val="synthesis"/>
        <Attr Name="UsedIn" Val="simulation"/>
      </FileInfo>
    </File>
    <Config>
      <Option Name="DesignMode" Val="RTL"/>
      <Option Name="TopModule" Val="dsp_2"/>
      <Option Name="TopAutoSet" Val="TRUE"/>
    </Config>
  </FileSet>
  <FileSet Name="constrs_in" Type="Constrs" RelSrcDir="$PSRCDIR/constrs_1">
    <Filter Type="Constrs"/>
    <File Path="$PPRDIR/../../../teil1/vivado/alarm_1p.xdc">
      <FileInfo>
        <Attr Name="UsedIn" Val="synthesis"/>
        <Attr Name="UsedIn" Val="implementation"/>
      </FileInfo>
    </File>
    <Config>
      <Option Name="ConstrsType" Val="XDC"/>
    </Config>
  </FileSet>
  <FileSet Name="utils" Type="Utils" RelSrcDir="$PSRCDIR/utils_1">
    <Filter Type="Utils"/>
    <Config>
      <Option Name="TopAutoSet" Val="TRUE"/>
    </Config>
  </FileSet>
  <Strategy Version="1" Minor="2">
    <StratHandle Name="Vivado Synthesis Defaults" Flow="Vivado Synthesis 2018"/>
    <Step Id="synth_design"/>
  </Strategy>
</GenRun>
