<?xml version="1.0" encoding="UTF-8"?>
<GenRun Id="impl_1" LaunchPart="xc7a100tcsg324-1" LaunchTime="1704895438">
  <File Type="PA-TCL" Name="ampel_top.tcl"/>
  <File Type="ROUTE-BUS-SKEW-PB" Name="ampel_top_bus_skew_routed.pb"/>
  <File Type="REPORTS-TCL" Name="ampel_top_reports.tcl"/>
  <File Type="ROUTE-BUS-SKEW-RPX" Name="ampel_top_bus_skew_routed.rpx"/>
  <File Type="OPT-DCP" Name="ampel_top_opt.dcp"/>
  <File Type="OPT-DRC" Name="ampel_top_drc_opted.rpt"/>
  <File Type="OPT-HWDEF" Name="ampel_top.hwdef"/>
  <File Type="PWROPT-DCP" Name="ampel_top_pwropt.dcp"/>
  <File Type="PLACE-DCP" Name="ampel_top_placed.dcp"/>
  <File Type="PLACE-IO" Name="ampel_top_io_placed.rpt"/>
  <File Type="PLACE-UTIL" Name="ampel_top_utilization_placed.rpt"/>
  <File Type="PLACE-UTIL-PB" Name="ampel_top_utilization_placed.pb"/>
  <File Type="PLACE-CTRL" Name="ampel_top_control_sets_placed.rpt"/>
  <File Type="PLACE-PRE-SIMILARITY" Name="ampel_top_incremental_reuse_pre_placed.rpt"/>
  <File Type="POSTPLACE-PWROPT-DCP" Name="ampel_top_postplace_pwropt.dcp"/>
  <File Type="PHYSOPT-DCP" Name="ampel_top_physopt.dcp"/>
  <File Type="ROUTE-ERROR-DCP" Name="ampel_top_routed_error.dcp"/>
  <File Type="ROUTE-DCP" Name="ampel_top_routed.dcp"/>
  <File Type="ROUTE-BLACKBOX-DCP" Name="ampel_top_routed_bb.dcp"/>
  <File Type="ROUTE-DRC" Name="ampel_top_drc_routed.rpt"/>
  <File Type="ROUTE-DRC-PB" Name="ampel_top_drc_routed.pb"/>
  <File Type="BG-BIT" Name="ampel_top.bit"/>
  <File Type="ROUTE-STATUS-PB" Name="ampel_top_route_status.pb"/>
  <File Type="ROUTE-METHODOLOGY-DRC" Name="ampel_top_methodology_drc_routed.rpt"/>
  <File Type="BG-BIN" Name="ampel_top.bin"/>
  <File Type="ROUTE-TIMINGSUMMARY" Name="ampel_top_timing_summary_routed.rpt"/>
  <File Type="BITSTR-MSK" Name="ampel_top.msk"/>
  <File Type="ROUTE-TIMING-PB" Name="ampel_top_timing_summary_routed.pb"/>
  <File Type="BITSTR-RBT" Name="ampel_top.rbt"/>
  <File Type="ROUTE-TIMING-RPX" Name="ampel_top_timing_summary_routed.rpx"/>
  <File Type="BITSTR-NKY" Name="ampel_top.nky"/>
  <File Type="BITSTR-BMM" Name="ampel_top_bd.bmm"/>
  <File Type="ROUTE-CLK" Name="ampel_top_clock_utilization_routed.rpt"/>
  <File Type="BG-DRC" Name="ampel_top.drc"/>
  <File Type="ROUTE-METHODOLOGY-DRC-RPX" Name="ampel_top_methodology_drc_routed.rpx"/>
  <File Type="BITSTR-MMI" Name="ampel_top.mmi"/>
  <File Type="ROUTE-BUS-SKEW" Name="ampel_top_bus_skew_routed.rpt"/>
  <File Type="WBT-USG" Name="usage_statistics_webtalk.html"/>
  <File Type="BG-BGN" Name="ampel_top.bgn"/>
  <File Type="BITSTR-SYSDEF" Name="ampel_top.sysdef"/>
  <File Type="BITSTR-LTX" Name="ampel_top.ltx"/>
  <File Type="RDI-RDI" Name="ampel_top.vdi"/>
  <File Type="POSTROUTE-PHYSOPT-BLACKBOX-DCP" Name="ampel_top_postroute_physopt_bb.dcp"/>
  <File Type="POSTROUTE-PHYSOPT-DCP" Name="ampel_top_postroute_physopt.dcp"/>
  <File Type="ROUTE-STATUS" Name="ampel_top_route_status.rpt"/>
  <File Type="ROUTE-PWR-RPX" Name="ampel_top_power_routed.rpx"/>
  <File Type="ROUTE-PWR-SUM" Name="ampel_top_power_summary_routed.pb"/>
  <File Type="ROUTE-PWR" Name="ampel_top_power_routed.rpt"/>
  <File Type="ROUTE-METHODOLOGY-DRC-PB" Name="ampel_top_methodology_drc_routed.pb"/>
  <File Type="ROUTE-DRC-RPX" Name="ampel_top_drc_routed.rpx"/>
  <FileSet Name="sources" Type="DesignSrcs" RelSrcDir="$PSRCDIR/sources_1">
    <Filter Type="Srcs"/>
    <File Path="$PPRDIR/../src/ampel_sm.vhd">
      <FileInfo>
        <Attr Name="UsedIn" Val="synthesis"/>
        <Attr Name="UsedIn" Val="simulation"/>
      </FileInfo>
    </File>
    <File Path="$PPRDIR/../src/timer.vhd">
      <FileInfo>
        <Attr Name="UsedIn" Val="synthesis"/>
        <Attr Name="UsedIn" Val="simulation"/>
      </FileInfo>
    </File>
    <File Path="$PPRDIR/../src/ampel_top.vhd">
      <FileInfo>
        <Attr Name="UsedIn" Val="synthesis"/>
        <Attr Name="UsedIn" Val="simulation"/>
      </FileInfo>
    </File>
    <Config>
      <Option Name="DesignMode" Val="RTL"/>
      <Option Name="TopModule" Val="ampel_top"/>
      <Option Name="TopAutoSet" Val="TRUE"/>
    </Config>
  </FileSet>
  <FileSet Name="constrs_in" Type="Constrs" RelSrcDir="$PSRCDIR/constrs_1">
    <Filter Type="Constrs"/>
    <File Path="$PPRDIR/../src/ampel_top.xdc">
      <FileInfo>
        <Attr Name="UsedIn" Val="synthesis"/>
        <Attr Name="UsedIn" Val="implementation"/>
      </FileInfo>
    </File>
    <Config>
      <Option Name="ConstrsType" Val="XDC"/>
    </Config>
  </FileSet>
  <FileSet Name="utils" Type="Utils" RelSrcDir="$PSRCDIR/utils_1">
    <Filter Type="Utils"/>
    <Config>
      <Option Name="TopAutoSet" Val="TRUE"/>
    </Config>
  </FileSet>
  <Strategy Version="1" Minor="2">
    <StratHandle Name="Vivado Implementation Defaults" Flow="Vivado Implementation 2018"/>
    <Step Id="init_design"/>
    <Step Id="opt_design"/>
    <Step Id="power_opt_design"/>
    <Step Id="place_design"/>
    <Step Id="post_place_power_opt_design"/>
    <Step Id="phys_opt_design"/>
    <Step Id="route_design"/>
    <Step Id="post_route_phys_opt_design"/>
    <Step Id="write_bitstream"/>
  </Strategy>
</GenRun>
